"","Yr","Mn","alt","mlo","kum","chr","sam","ker","nzd"
"1",1960,1,NA,NA,NA,NA,NA,NA,NA
"2",1960,2,NA,NA,NA,NA,NA,NA,NA
"3",1960,3,NA,317.69,NA,NA,NA,NA,NA
"4",1960,4,NA,319.06,NA,NA,NA,NA,NA
"5",1960,5,NA,319.43,NA,NA,NA,NA,NA
"6",1960,6,NA,318.68,NA,NA,NA,NA,NA
"7",1960,7,NA,317.13,NA,NA,NA,NA,NA
"8",1960,8,NA,315.74,NA,NA,NA,NA,NA
"9",1960,9,NA,313.72,NA,NA,NA,NA,NA
"10",1960,10,NA,312.84,NA,NA,NA,NA,NA
"11",1960,11,NA,315.24,NA,NA,NA,NA,NA
"12",1960,12,NA,316.8,NA,NA,NA,NA,NA
"13",1961,1,NA,317.4,NA,NA,NA,NA,NA
"14",1961,2,NA,317.93,NA,NA,NA,NA,NA
"15",1961,3,NA,318.13,NA,NA,NA,NA,NA
"16",1961,4,NA,319.92,NA,NA,NA,NA,NA
"17",1961,5,NA,320.47,NA,NA,NA,NA,NA
"18",1961,6,NA,318.82,NA,NA,NA,NA,NA
"19",1961,7,NA,318.94,NA,NA,NA,NA,NA
"20",1961,8,NA,315.5,NA,NA,NA,NA,NA
"21",1961,9,NA,315.63,NA,NA,NA,NA,NA
"22",1961,10,NA,314.91,NA,NA,NA,NA,NA
"23",1961,11,NA,316.17,NA,NA,NA,NA,NA
"24",1961,12,NA,318.14,NA,NA,NA,NA,NA
"25",1962,1,NA,317.86,NA,NA,NA,NA,NA
"26",1962,2,NA,318.35,NA,NA,NA,NA,NA
"27",1962,3,NA,320.02,NA,NA,NA,NA,NA
"28",1962,4,NA,320.29,NA,NA,NA,NA,NA
"29",1962,5,NA,321.53,NA,NA,NA,NA,NA
"30",1962,6,NA,320.06,NA,NA,NA,NA,NA
"31",1962,7,NA,318.01,NA,NA,NA,NA,NA
"32",1962,8,NA,317.12,NA,NA,NA,NA,NA
"33",1962,9,NA,315.36,NA,NA,NA,NA,NA
"34",1962,10,NA,314.66,NA,NA,NA,NA,NA
"35",1962,11,NA,316.94,NA,NA,NA,NA,NA
"36",1962,12,NA,317.87,NA,NA,NA,NA,NA
"37",1963,1,NA,318.69,NA,NA,NA,NA,NA
"38",1963,2,NA,319.32,NA,NA,NA,NA,NA
"39",1963,3,NA,320.1,NA,NA,NA,NA,NA
"40",1963,4,NA,321.27,NA,NA,NA,NA,NA
"41",1963,5,NA,321.78,NA,NA,NA,NA,NA
"42",1963,6,NA,321.02,NA,NA,NA,NA,NA
"43",1963,7,NA,319.43,NA,NA,NA,NA,NA
"44",1963,8,NA,317.39,NA,NA,NA,NA,NA
"45",1963,9,NA,316.42,NA,NA,NA,NA,NA
"46",1963,10,NA,316.06,NA,NA,NA,NA,NA
"47",1963,11,NA,317.35,NA,NA,NA,NA,NA
"48",1963,12,NA,318.52,NA,NA,NA,NA,NA
"49",1964,1,NA,319.32,NA,NA,NA,NA,NA
"50",1964,2,NA,319.93,NA,NA,NA,NA,NA
"51",1964,3,NA,320.72,NA,NA,NA,NA,NA
"52",1964,4,NA,321.87,NA,NA,NA,NA,NA
"53",1964,5,NA,322.34,NA,NA,NA,NA,NA
"54",1964,6,NA,321.53,NA,NA,NA,NA,NA
"55",1964,7,NA,319.91,NA,NA,NA,NA,NA
"56",1964,8,NA,317.85,NA,NA,NA,NA,NA
"57",1964,9,NA,316.36,NA,NA,NA,NA,NA
"58",1964,10,NA,316.52,NA,NA,NA,NA,NA
"59",1964,11,NA,317.82,NA,NA,NA,NA,NA
"60",1964,12,NA,319.02,NA,NA,NA,NA,NA
"61",1965,1,NA,319.92,NA,NA,NA,NA,NA
"62",1965,2,NA,320.43,NA,NA,NA,NA,NA
"63",1965,3,NA,321.21,NA,NA,NA,NA,NA
"64",1965,4,NA,322.61,NA,NA,NA,NA,NA
"65",1965,5,NA,322.92,NA,NA,NA,NA,NA
"66",1965,6,NA,322.17,NA,NA,NA,NA,NA
"67",1965,7,NA,319.27,NA,NA,NA,NA,NA
"68",1965,8,NA,318.58,NA,NA,NA,NA,NA
"69",1965,9,NA,317.13,NA,NA,NA,NA,NA
"70",1965,10,NA,317.35,NA,NA,NA,NA,NA
"71",1965,11,NA,318.72,NA,NA,NA,NA,NA
"72",1965,12,NA,319.97,NA,NA,NA,NA,NA
"73",1966,1,NA,320.5,NA,NA,NA,NA,NA
"74",1966,2,NA,321.89,NA,NA,NA,NA,NA
"75",1966,3,NA,322.4,NA,NA,NA,NA,NA
"76",1966,4,NA,324.42,NA,NA,NA,NA,NA
"77",1966,5,NA,324.22,NA,NA,NA,NA,NA
"78",1966,6,NA,323.5,NA,NA,NA,NA,NA
"79",1966,7,NA,321.94,NA,NA,NA,NA,NA
"80",1966,8,NA,319.92,NA,NA,NA,NA,NA
"81",1966,9,NA,318.46,NA,NA,NA,NA,NA
"82",1966,10,NA,319.33,NA,NA,NA,NA,NA
"83",1966,11,NA,319.77,NA,NA,NA,NA,NA
"84",1966,12,NA,321.14,NA,NA,NA,NA,NA
"85",1967,1,NA,322.05,NA,NA,NA,NA,NA
"86",1967,2,NA,322.7,NA,NA,NA,NA,NA
"87",1967,3,NA,323.5,NA,NA,NA,NA,NA
"88",1967,4,NA,324.68,NA,NA,NA,NA,NA
"89",1967,5,NA,325.21,NA,NA,NA,NA,NA
"90",1967,6,NA,324.85,NA,NA,NA,NA,NA
"91",1967,7,NA,322.77,NA,NA,NA,NA,NA
"92",1967,8,NA,320.74,NA,NA,NA,NA,NA
"93",1967,9,NA,319.24,NA,NA,NA,NA,NA
"94",1967,10,NA,319.4,NA,NA,NA,NA,NA
"95",1967,11,NA,320.73,NA,NA,NA,NA,NA
"96",1967,12,NA,321.93,NA,NA,NA,NA,NA
"97",1968,1,NA,322.76,NA,NA,NA,NA,NA
"98",1968,2,NA,323.41,NA,NA,NA,NA,NA
"99",1968,3,NA,323.28,NA,NA,NA,NA,NA
"100",1968,4,NA,325.46,NA,NA,NA,NA,NA
"101",1968,5,NA,326.23,NA,NA,NA,NA,NA
"102",1968,6,NA,325.24,NA,NA,NA,NA,NA
"103",1968,7,NA,323.6,NA,NA,NA,NA,NA
"104",1968,8,NA,322.58,NA,NA,NA,NA,NA
"105",1968,9,NA,320.2,NA,NA,NA,NA,NA
"106",1968,10,NA,319.38,NA,NA,NA,NA,NA
"107",1968,11,NA,320.98,NA,NA,NA,NA,NA
"108",1968,12,NA,323.06,NA,NA,NA,NA,NA
"109",1969,1,NA,324.28,NA,NA,NA,NA,NA
"110",1969,2,NA,324.15,NA,NA,NA,NA,NA
"111",1969,3,NA,325.61,NA,NA,NA,NA,NA
"112",1969,4,NA,326.55,NA,NA,NA,NA,NA
"113",1969,5,NA,328.14,NA,NA,NA,NA,NA
"114",1969,6,NA,326.72,NA,NA,NA,NA,NA
"115",1969,7,NA,325.19,NA,NA,NA,NA,NA
"116",1969,8,NA,323.73,NA,NA,NA,NA,NA
"117",1969,9,NA,322.29,NA,NA,NA,NA,NA
"118",1969,10,NA,321,NA,NA,NA,NA,NA
"119",1969,11,NA,323.36,NA,NA,NA,NA,NA
"120",1969,12,NA,323.52,NA,NA,NA,NA,NA
"121",1970,1,NA,325.24,NA,NA,NA,NA,NA
"122",1970,2,NA,325.95,NA,NA,NA,NA,NA
"123",1970,3,NA,326.79,NA,NA,NA,NA,NA
"124",1970,4,NA,328.23,NA,NA,NA,NA,NA
"125",1970,5,NA,328.33,NA,NA,NA,NA,NA
"126",1970,6,NA,327.67,NA,NA,NA,NA,NA
"127",1970,7,NA,325.98,NA,NA,NA,NA,NA
"128",1970,8,NA,323.39,NA,NA,NA,NA,NA
"129",1970,9,NA,323.74,NA,NA,NA,NA,NA
"130",1970,10,NA,323.09,NA,NA,NA,NA,NA
"131",1970,11,NA,324.29,NA,NA,NA,NA,NA
"132",1970,12,NA,325.01,NA,NA,NA,NA,NA
"133",1971,1,NA,326.06,NA,NA,NA,NA,NA
"134",1971,2,NA,326.88,NA,NA,NA,NA,NA
"135",1971,3,NA,327.02,NA,NA,NA,NA,NA
"136",1971,4,NA,327.17,NA,NA,NA,NA,NA
"137",1971,5,NA,328.54,NA,NA,NA,NA,NA
"138",1971,6,NA,326.55,NA,NA,NA,NA,NA
"139",1971,7,NA,326.9,NA,NA,NA,NA,NA
"140",1971,8,NA,325.64,NA,NA,NA,NA,NA
"141",1971,9,NA,323.53,NA,NA,NA,NA,NA
"142",1971,10,NA,323.37,NA,NA,NA,NA,NA
"143",1971,11,NA,324.8,NA,NA,NA,NA,NA
"144",1971,12,NA,325.99,NA,NA,NA,NA,NA
"145",1972,1,NA,326.76,NA,NA,NA,NA,NA
"146",1972,2,NA,328.17,NA,NA,NA,NA,NA
"147",1972,3,NA,328.55,NA,NA,NA,NA,NA
"148",1972,4,NA,329.87,NA,NA,NA,NA,NA
"149",1972,5,NA,330.48,NA,NA,NA,NA,NA
"150",1972,6,NA,329.38,NA,NA,NA,NA,NA
"151",1972,7,NA,328.78,NA,NA,NA,NA,NA
"152",1972,8,NA,326.89,NA,NA,NA,NA,NA
"153",1972,9,NA,324.73,NA,NA,NA,NA,NA
"154",1972,10,NA,325.14,NA,NA,NA,NA,NA
"155",1972,11,NA,326.69,NA,NA,NA,NA,NA
"156",1972,12,NA,327.78,NA,NA,NA,NA,NA
"157",1973,1,NA,328.66,NA,NA,NA,NA,NA
"158",1973,2,NA,329.17,NA,NA,NA,NA,NA
"159",1973,3,NA,330.11,NA,NA,NA,NA,NA
"160",1973,4,NA,331.34,NA,NA,NA,NA,NA
"161",1973,5,NA,332.65,NA,NA,NA,NA,NA
"162",1973,6,NA,332.02,NA,NA,NA,NA,NA
"163",1973,7,NA,330.42,NA,NA,NA,NA,NA
"164",1973,8,NA,329,NA,NA,NA,NA,NA
"165",1973,9,NA,326.38,NA,NA,NA,NA,NA
"166",1973,10,NA,327.22,NA,NA,NA,NA,NA
"167",1973,11,NA,328.44,NA,NA,NA,NA,NA
"168",1973,12,NA,329.21,NA,NA,NA,NA,NA
"169",1974,1,NA,329.94,NA,NA,NA,NA,NA
"170",1974,2,NA,329.49,NA,NA,NA,NA,NA
"171",1974,3,NA,329.81,NA,NA,NA,NA,NA
"172",1974,4,NA,332.45,NA,NA,NA,NA,NA
"173",1974,5,NA,332.66,NA,NA,NA,NA,NA
"174",1974,6,NA,331.54,NA,NA,NA,NA,NA
"175",1974,7,NA,331.05,NA,NA,NA,NA,NA
"176",1974,8,NA,329.03,NA,NA,NA,NA,NA
"177",1974,9,NA,326.75,NA,NA,NA,NA,NA
"178",1974,10,NA,327.81,NA,NA,NA,NA,NA
"179",1974,11,NA,328.82,NA,NA,NA,NA,NA
"180",1974,12,NA,330.41,NA,331.26,NA,NA,NA
"181",1975,1,NA,330.76,NA,331.93,NA,NA,NA
"182",1975,2,NA,331.08,NA,331.92,NA,NA,NA
"183",1975,3,NA,332.11,NA,331.92,NA,NA,NA
"184",1975,4,NA,333.25,NA,332.55,NA,NA,NA
"185",1975,5,NA,334.27,NA,332.3,NA,NA,NA
"186",1975,6,NA,332.52,NA,332.44,NA,NA,NA
"187",1975,7,NA,331.9,NA,332.07,NA,NA,NA
"188",1975,8,NA,329.98,NA,331.27,NA,NA,NA
"189",1975,9,NA,329.18,NA,331.59,NA,NA,NA
"190",1975,10,NA,328.35,NA,332.27,NA,NA,NA
"191",1975,11,NA,329.01,NA,332.52,NA,NA,NA
"192",1975,12,NA,330.74,NA,332.64,NA,NA,NA
"193",1976,1,NA,331.23,NA,332.85,NA,NA,NA
"194",1976,2,NA,332.79,NA,332.25,NA,NA,NA
"195",1976,3,NA,334.25,NA,333.07,NA,NA,NA
"196",1976,4,NA,334.71,NA,334.32,NA,NA,NA
"197",1976,5,NA,334.65,NA,333.81,NA,NA,NA
"198",1976,6,NA,334.73,NA,333.36,NA,NA,NA
"199",1976,7,NA,332.4,NA,333.15,NA,NA,NA
"200",1976,8,NA,330.66,NA,332.42,NA,NA,NA
"201",1976,9,NA,328.79,NA,331.91,NA,NA,NA
"202",1976,10,NA,328.5,NA,331.85,NA,NA,NA
"203",1976,11,NA,330.71,NA,332.04,NA,NA,NA
"204",1976,12,NA,332.18,NA,332.63,NA,NA,NA
"205",1977,1,NA,333.11,NA,333.01,NA,NA,NA
"206",1977,2,NA,333.08,NA,333.44,NA,NA,NA
"207",1977,3,NA,334.31,NA,335.05,NA,NA,NA
"208",1977,4,NA,336.18,NA,335.99,NA,NA,NA
"209",1977,5,NA,336.73,NA,335.52,NA,NA,NA
"210",1977,6,NA,336.49,NA,334.86,NA,NA,NA
"211",1977,7,NA,334.95,NA,334.66,NA,NA,332.77
"212",1977,8,NA,331.69,NA,333.71,NA,NA,332.99
"213",1977,9,NA,330.8,NA,333.47,NA,NA,332.56
"214",1977,10,NA,330.37,NA,333.51,NA,NA,332.35
"215",1977,11,NA,332.56,NA,333.48,NA,NA,333.8
"216",1977,12,NA,334.12,NA,334.16,NA,NA,333.33
"217",1978,1,NA,335.38,NA,335.1,NA,NA,333.5
"218",1978,2,NA,336.13,NA,335.58,NA,NA,333.27
"219",1978,3,NA,337.04,NA,335.86,NA,NA,332.89
"220",1978,4,NA,337.99,NA,335.69,NA,NA,333.47
"221",1978,5,NA,338.6,NA,336.2,NA,NA,333.24
"222",1978,6,NA,337.77,NA,335.97,NA,NA,333.79
"223",1978,7,NA,336.69,NA,336.08,NA,NA,334.91
"224",1978,8,NA,334.14,NA,335.8,NA,NA,334.13
"225",1978,9,NA,332.82,NA,335.14,NA,NA,335.73
"226",1978,10,NA,332.84,NA,335.46,NA,NA,334.53
"227",1978,11,NA,334.28,NA,335.05,NA,NA,334.44
"228",1978,12,NA,335.04,NA,335.81,NA,NA,334.64
"229",1979,1,NA,336.41,NA,336.32,NA,NA,333.57
"230",1979,2,NA,336.92,NA,336.89,NA,NA,335.21
"231",1979,3,NA,338.41,338.94,337.56,NA,NA,335.11
"232",1979,4,NA,338.45,339.73,338.71,NA,NA,334.95
"233",1979,5,NA,339.44,343.5,338.58,NA,NA,334.63
"234",1979,6,NA,339.03,340.05,337.84,NA,NA,335.62
"235",1979,7,NA,338.24,337.38,337.63,NA,NA,336.15
"236",1979,8,NA,336.24,336.73,336.98,NA,NA,336.34
"237",1979,9,NA,333.6,333.67,336.46,NA,NA,336.27
"238",1979,10,NA,333.91,334.69,336.32,NA,NA,335.73
"239",1979,11,NA,335.62,337.09,336.8,NA,NA,334.89
"240",1979,12,NA,337.22,337.94,337.39,NA,NA,335.49
"241",1980,1,NA,338.12,339.43,338.48,NA,NA,335.67
"242",1980,2,NA,339.31,340.66,338.85,NA,NA,335.78
"243",1980,3,NA,340.31,340.67,339.66,NA,NA,336.36
"244",1980,4,NA,340.36,342.62,340.44,NA,NA,336.36
"245",1980,5,NA,341.73,343.3,339.87,NA,NA,337.08
"246",1980,6,NA,341.03,341.59,339.39,NA,NA,337.01
"247",1980,7,NA,338.54,338.03,340.21,NA,NA,338.6
"248",1980,8,NA,337.58,336.66,339.23,NA,NA,337.42
"249",1980,9,NA,335.68,335.12,338.4,NA,NA,337.78
"250",1980,10,NA,336.28,336.28,338.38,NA,NA,337.42
"251",1980,11,NA,337.34,338.98,338.72,NA,NA,337.75
"252",1980,12,NA,338.86,339.08,339.38,NA,NA,337.59
"253",1981,1,NA,339.71,341.06,340.62,NA,NA,337.38
"254",1981,2,NA,340.56,341.01,340.77,NA,NA,337.22
"255",1981,3,NA,341.29,342.82,341.38,NA,NA,337.26
"256",1981,4,NA,343.21,342.64,341.23,NA,NA,337.67
"257",1981,5,NA,343.18,343.77,340.96,NA,NA,338.86
"258",1981,6,NA,342.34,342.56,340.8,NA,NA,338.71
"259",1981,7,NA,340.77,338.14,340.62,NA,NA,338.84
"260",1981,8,NA,338.64,336.9,339.95,NA,NA,339.07
"261",1981,9,NA,336.94,336.46,338.86,339.03,NA,338.95
"262",1981,10,NA,336.97,337.78,339.33,339.06,NA,337.92
"263",1981,11,NA,338.29,339.02,339.67,339.7,NA,338.53
"264",1981,12,NA,340.06,341.5,340.51,339.92,NA,338.59
"265",1982,1,NA,340.69,342.14,341.11,340.69,NA,338.4
"266",1982,2,NA,341.64,341.86,341.85,340.97,NA,338.45
"267",1982,3,NA,343.23,343.49,342.15,340.25,NA,338.66
"268",1982,4,NA,344.07,344.33,342.97,340.78,NA,339.1
"269",1982,5,NA,343.64,345.03,342.34,339.85,NA,339.1
"270",1982,6,NA,342.6,343.82,341.93,340.22,NA,339.76
"271",1982,7,NA,342.25,340.78,341.77,341.13,NA,339.51
"272",1982,8,NA,339.02,338.33,341.09,341.35,NA,340.43
"273",1982,9,NA,337.66,337.05,340.48,340.53,NA,339.83
"274",1982,10,NA,337.9,337.55,340.58,340.12,NA,339.85
"275",1982,11,NA,339.09,340.04,340.78,340.57,NA,340.01
"276",1982,12,NA,340.33,341.33,341.62,340.92,340.34,339.99
"277",1983,1,NA,341.83,341.98,341.67,340.62,340.94,339.86
"278",1983,2,NA,342.42,343.69,343.11,341.03,341.02,339.96
"279",1983,3,NA,342.7,344.99,343.3,341.04,340.88,340.31
"280",1983,4,NA,345.41,345.42,345.22,341.87,341.1,340.41
"281",1983,5,NA,345.98,346.25,344.99,342.04,341.23,340.69
"282",1983,6,NA,345.33,345.01,343.41,342.4,340.97,341.13
"283",1983,7,NA,343.16,342.46,343.27,342.39,341.58,341.29
"284",1983,8,NA,341.52,339.65,342.61,342.41,341.44,342.07
"285",1983,9,NA,339.84,338.53,342.14,342.19,341.55,341.71
"286",1983,10,NA,340.06,340.4,342.13,342.64,341.67,341.37
"287",1983,11,NA,340.89,342.47,341.77,342.93,342.19,341.44
"288",1983,12,NA,343.14,343.78,342.71,342.56,342.11,341.41
"289",1984,1,NA,343.96,344.62,343.69,343.82,342.76,341.36
"290",1984,2,NA,344.65,345.67,344.26,343.89,342.73,341.46
"291",1984,3,NA,345.47,345.95,345.77,343.94,342.25,341.37
"292",1984,4,NA,347.29,348.13,346.77,343.54,343.04,340.96
"293",1984,5,NA,347.34,348.02,346,342.85,342.21,341.85
"294",1984,6,NA,346.86,346.79,345.59,343.01,342.49,342.31
"295",1984,7,NA,345.08,344,344.87,343.39,342.02,342.89
"296",1984,8,NA,342.71,340.52,344.36,343.75,342.79,342.9
"297",1984,9,NA,340.75,340.21,343.27,344.44,342.9,342.65
"298",1984,10,NA,341.57,341.64,342.98,344.12,343.09,342.47
"299",1984,11,NA,342.97,342.92,343.8,343.91,343.44,342.76
"300",1984,12,NA,343.85,344.5,344.54,344.67,343.86,342.52
"301",1985,1,NA,344.62,346.15,345.26,344.82,344.15,342.35
"302",1985,2,NA,345.65,346.25,345.32,345.18,344.13,342.44
"303",1985,3,NA,347.31,347.69,346.56,345.27,343.91,342.45
"304",1985,4,NA,347.87,348.3,347.39,345.34,344.39,342.82
"305",1985,5,NA,348.81,349.95,346.94,344.64,342.72,343.02
"306",1985,6,NA,348.2,348.72,346.82,344.81,343.07,343.5
"307",1985,7,NA,346.45,345.73,346.21,345.03,344.19,343.94
"308",1985,8,NA,343.76,342.68,345.43,345.1,344.2,344.13
"309",1985,9,NA,343.11,340.94,344.63,346.61,344.55,344.06
"310",1985,10,NA,342.81,342.92,344.58,345.74,344.16,343.6
"311",1985,11,NA,343.96,344.24,344.8,346.17,344.24,343.74
"312",1985,12,NA,345.01,346.24,345.76,346.21,345.25,343.86
"313",1986,1,NA,346.05,346.88,346.31,346.18,345.55,343.16
"314",1986,2,NA,346.85,348,346.41,346.58,346.24,343.81
"315",1986,3,NA,347.93,348.42,347.45,346.67,345.34,344.72
"316",1986,4,NA,349.43,349.84,348.48,346.69,345.1,344.27
"317",1986,5,NA,350.13,350.29,347.77,345.82,345.41,344.85
"318",1986,6,NA,349.31,350,347.72,346.14,344.79,345
"319",1986,7,NA,347.7,347.12,347.43,346.6,345.48,345.25
"320",1986,8,NA,345.36,344.52,346.97,345.72,345.7,345.32
"321",1986,9,NA,344.36,343.69,346.54,346.46,345.76,345.82
"322",1986,10,NA,344.06,344.69,346.21,347.07,346.06,344.12
"323",1986,11,NA,345.42,346.54,346.32,346.94,346.32,345.37
"324",1986,12,NA,346.53,347.72,346.6,346.78,346.77,345.52
"325",1987,1,NA,347.53,349.07,347.43,346.96,346.31,345.41
"326",1987,2,NA,348.53,349.2,347.99,347.54,347.12,346.22
"327",1987,3,NA,349.47,350.68,348.93,348.56,346.96,345.51
"328",1987,4,NA,350.96,351.57,349.4,347,346.48,346.03
"329",1987,5,NA,351.63,352.19,350.2,347.23,347.01,346.64
"330",1987,6,NA,351.49,352.08,349.21,347.25,347.09,346.55
"331",1987,7,NA,349.93,348.78,349.39,347.52,347.41,347.04
"332",1987,8,NA,347.25,346.38,349.16,347.97,347.23,347.17
"333",1987,9,NA,346.58,344.97,348.39,348.15,347.86,348.07
"334",1987,10,NA,346.58,346.61,348.48,348.19,348.51,347.22
"335",1987,11,NA,348.15,348.22,348.39,348.85,348.63,347.05
"336",1987,12,NA,349.27,349.94,349.61,349.21,349.06,348.47
"337",1988,1,NA,350.21,350.88,350.46,349.56,349.58,347.79
"338",1988,2,NA,351.64,352.72,351.15,349.89,350.07,347.68
"339",1988,3,NA,352.39,352.86,351.8,349.37,349.02,347.85
"340",1988,4,NA,353.92,354.44,353.02,349.66,349.07,348
"341",1988,5,NA,354.27,354.96,352.19,349.47,348.61,348.83
"342",1988,6,NA,353.67,354.03,351.75,349.61,348.67,348.36
"343",1988,7,NA,352.35,351.56,351.42,349.87,349.44,348.78
"344",1988,8,NA,350.32,349.3,350.43,350.08,349.32,349.5
"345",1988,9,NA,348.79,347.33,350.44,349.99,349.81,349.45
"346",1988,10,NA,348.89,349.15,350.67,350.36,349.93,349.47
"347",1988,11,NA,349.71,350.76,351.05,350.75,350.29,348.93
"348",1988,12,NA,351.3,351.62,351.6,351.21,352.01,349.33
"349",1989,1,NA,352.41,353.35,352.39,351.64,351.05,349.56
"350",1989,2,NA,353.12,353.1,352.93,351.98,350.91,348.74
"351",1989,3,NA,353.56,354.12,353.96,351.06,350.21,350.04
"352",1989,4,NA,355.56,356.09,354.01,351.89,350.12,350.51
"353",1989,5,NA,355.84,356.78,353.62,351.76,350.29,350.29
"354",1989,6,NA,355.56,355.79,353.56,351.08,350.67,349.93
"355",1989,7,NA,354,352.67,352.9,351.24,350.81,350.86
"356",1989,8,NA,351.09,349.56,352.73,351.3,350.46,351.12
"357",1989,9,NA,349.28,349.02,352.11,351.31,349.8,350.77
"358",1989,10,NA,349.43,349.94,351.95,351.4,351.29,350.68
"359",1989,11,NA,351.1,351.78,351.99,351.87,351.39,351.33
"360",1989,12,NA,352.12,353.99,352.53,351.83,351.95,350.4
"361",1990,1,NA,353.64,354.42,353.67,352.29,352.1,350.58
"362",1990,2,NA,355.08,356.53,354.53,351.66,352.09,350.55
"363",1990,3,NA,355.6,356.73,355.62,352.84,351.89,350.85
"364",1990,4,NA,356.65,357.29,354.74,353.09,351.19,349.69
"365",1990,5,NA,357.54,357.68,354.25,352.38,351.73,351.19
"366",1990,6,NA,356.53,356.87,354.52,353.05,352.54,351.42
"367",1990,7,NA,355.22,354.61,354.36,352.84,352.07,352.21
"368",1990,8,NA,352.52,352.66,353.68,353.13,352.11,351.91
"369",1990,9,NA,351.03,350.12,353.19,353.24,352.9,352.86
"370",1990,10,NA,351.1,351.78,353.29,352.69,352.46,351.28
"371",1990,11,NA,352.74,353.7,353.62,353.36,352.68,352.28
"372",1990,12,NA,354.6,355,354.13,353.73,353.13,352.01
"373",1991,1,NA,354.55,355.93,355.12,354.53,353.51,351.92
"374",1991,2,NA,355.97,356.92,355.51,354.94,353.54,351.69
"375",1991,3,NA,357.33,358.07,355.39,354.7,353.31,352.09
"376",1991,4,NA,358.37,358.91,356.33,353.95,353.3,352.35
"377",1991,5,NA,359.08,360.19,356.05,353.88,352.99,352.56
"378",1991,6,NA,358.23,358.08,356.23,354.11,352.72,354.12
"379",1991,7,NA,355.48,355.57,355.51,354.29,353.58,353.53
"380",1991,8,NA,354.07,353.17,354.4,354.14,353.6,353.54
"381",1991,9,NA,351.9,351.26,354.12,353.83,353.56,352.93
"382",1991,10,NA,352.12,352.97,354.54,353.8,353.72,352.84
"383",1991,11,NA,353.8,354.52,354.57,354.63,354.05,352.86
"384",1991,12,NA,355.16,355.46,354.99,354.93,354.69,353.06
"385",1992,1,NA,356.37,357.09,355.68,354,354.09,352.14
"386",1992,2,NA,356.76,358.43,357.04,354.86,353.92,352.97
"387",1992,3,NA,357.86,359.01,356.77,354.84,354.43,353.27
"388",1992,4,NA,359.1,359.99,356.22,354.74,353.94,353.35
"389",1992,5,NA,359.56,360.28,357.76,354.99,354.18,353.44
"390",1992,6,NA,359.4,358.81,357.42,355.25,354.31,354.83
"391",1992,7,NA,356.39,354.06,356.41,355.62,354.86,354.68
"392",1992,8,NA,354.64,353.1,356,355.58,354.98,355.19
"393",1992,9,NA,353.44,352.2,354.82,355.16,354.91,354.74
"394",1992,10,NA,353.01,353.33,355.29,355.54,354.85,354.68
"395",1992,11,NA,354.61,355.06,355.14,355.15,355.15,354.12
"396",1992,12,NA,355.73,356.9,356.22,355.82,355.35,354.29
"397",1993,1,NA,356.71,357.62,356.85,355.33,355.72,353.76
"398",1993,2,NA,356.95,359.12,356.9,355.78,355.64,353.53
"399",1993,3,NA,358.35,358.9,357.3,356.29,355.08,355.25
"400",1993,4,NA,359.09,360.17,359.11,355.63,355.09,354.36
"401",1993,5,NA,360.56,361.44,358.4,354.92,354.54,355
"402",1993,6,NA,359.61,359.88,357.93,355.97,354.99,354.48
"403",1993,7,NA,357.36,355.51,357.86,356.04,355.18,355.79
"404",1993,8,NA,355.63,353.61,357.76,356.35,355.6,355.43
"405",1993,9,NA,353.38,352.64,356.56,356.02,355.63,355.99
"406",1993,10,NA,353.76,354.37,355.85,356.36,356.44,355.06
"407",1993,11,NA,355.47,356.03,356.76,356.61,356.96,355.61
"408",1993,12,NA,356.81,358.38,357.93,356.91,356.63,355.09
"409",1994,1,NA,358.44,359.37,358.18,357.29,356.98,354.77
"410",1994,2,NA,359.05,360.5,358.45,357.79,356.6,355.1
"411",1994,3,NA,359.55,361.46,359.28,357.26,356.65,356.09
"412",1994,4,NA,361.16,361.79,360.39,357.3,356.52,355.93
"413",1994,5,NA,361.61,362.47,359.87,357.2,356.49,355.86
"414",1994,6,NA,361.01,361.29,359.4,357.73,356.43,356.09
"415",1994,7,NA,358.89,358.33,359.41,357.43,356.68,357.03
"416",1994,8,NA,357.17,356.41,359.84,357.51,357.16,357.36
"417",1994,9,NA,355.04,354.73,358.37,357.78,357.58,357.58
"418",1994,10,NA,355.71,356.19,358.73,357.81,357.61,357.7
"419",1994,11,NA,357.26,358.62,358.69,358.43,358.02,356.86
"420",1994,12,NA,359.5,360.93,359.55,358.92,358.49,356.93
"421",1995,1,NA,360.07,360.79,360.38,358.56,358.26,356.43
"422",1995,2,NA,360.73,362.8,360.74,359.68,358.87,356.16
"423",1995,3,NA,361.91,362.76,361.51,359.28,358.7,357.09
"424",1995,4,NA,363.06,364.99,362.21,358.81,358.51,357.11
"425",1995,5,NA,363.59,364.23,361.83,359.75,358.62,357.08
"426",1995,6,NA,363.52,362.88,361.49,359.43,359.77,358.07
"427",1995,7,NA,361.68,360.46,361.23,360.11,358.96,358.64
"428",1995,8,NA,358.52,357.71,360.6,359.71,359.06,358.96
"429",1995,9,NA,358,357.49,360.39,359.51,359.23,358.85
"430",1995,10,NA,357.54,359.24,360.61,359.8,359.39,358.14
"431",1995,11,NA,359.35,359.77,360.76,360.28,359.72,358.85
"432",1995,12,NA,360.54,361.19,361.39,360.75,360.11,358.44
"433",1996,1,NA,362.15,362.58,362.37,361.57,360.37,358.71
"434",1996,2,NA,362.88,364.12,363.2,362.01,360.21,358.97
"435",1996,3,NA,363.89,364.48,364.16,362.01,359.68,360.38
"436",1996,4,NA,364.63,365.82,364.38,360.26,359.81,358.69
"437",1996,5,NA,365.24,365.6,363.94,360.91,359.51,359.77
"438",1996,6,NA,365.31,366.66,363.67,361.31,359.93,359.95
"439",1996,7,NA,363.83,362.66,363.49,360.96,360.68,359.98
"440",1996,8,NA,361.25,360.14,362.53,361.44,360.66,360.46
"441",1996,9,NA,358.86,358.63,362.1,360.99,359.92,360.37
"442",1996,10,NA,359.4,360.04,362.01,361.06,360.58,359.28
"443",1996,11,NA,360.9,361.96,362.15,361.61,360.94,359.81
"444",1996,12,NA,362.1,363.65,362.91,362.05,361.87,360.71
"445",1997,1,NA,363.03,364.33,363.59,362.44,361.38,359.87
"446",1997,2,NA,364.23,365.55,364.02,362.17,361.64,359.94
"447",1997,3,NA,364.75,365.51,364.8,362.37,361.44,360.25
"448",1997,4,NA,366.2,366.84,364.44,362.44,361.29,360.03
"449",1997,5,NA,366.67,368.46,364.79,361.3,360.82,360.37
"450",1997,6,NA,365.58,366.79,364.01,361.56,361.57,361.21
"451",1997,7,NA,364.04,362.96,364.67,362.23,361.73,361.64
"452",1997,8,NA,362.35,361.64,363.69,362.09,361.96,361.77
"453",1997,9,NA,360.13,359.61,362.87,362.37,362.04,362.04
"454",1997,10,NA,360.53,360.59,362.73,363.01,362.24,361.82
"455",1997,11,NA,362.49,362.98,362.33,363.26,362.87,361.93
"456",1997,12,NA,363.97,366.22,364.7,363.47,362.74,362.14
"457",1998,1,NA,365.02,366.31,365.61,363.88,363.8,362.32
"458",1998,2,NA,365.75,368.29,366.09,363.57,363.91,362.53
"459",1998,3,NA,367.06,369.22,368.44,363.67,363.8,362.81
"460",1998,4,NA,368.4,369.61,368.83,363.37,363.73,363.03
"461",1998,5,NA,369.23,369.86,367.46,364.12,364.09,363.05
"462",1998,6,NA,368.84,368.36,367.19,364.84,365.33,363.8
"463",1998,7,NA,367.64,366.23,366.9,365.02,363.81,364.13
"464",1998,8,NA,365.34,364.31,366.32,365.25,364.62,364.57
"465",1998,9,NA,364.19,361.33,366.16,365.4,364.44,364.89
"466",1998,10,NA,364.07,364.7,366.54,365.64,365.04,364.31
"467",1998,11,NA,365.63,366.75,366.37,366.13,365.46,364.34
"468",1998,12,NA,367.5,367.78,367.35,366.34,365.92,364.39
"469",1999,1,NA,367.94,369.75,368.12,366.9,366.73,365
"470",1999,2,NA,368.39,369.93,368.99,366.73,366.26,365.42
"471",1999,3,NA,369.31,371.27,369.88,366.36,365.71,364.67
"472",1999,4,NA,371.05,372.03,370.3,367.08,365.86,363.93
"473",1999,5,NA,370.86,372.05,368.59,366.6,365.8,365.09
"474",1999,6,NA,370.53,370.62,369.09,366.91,365.51,365.39
"475",1999,7,NA,369.37,368.51,368.86,367.48,366.25,366.24
"476",1999,8,NA,366.76,364.48,367.84,367.24,366.68,366.25
"477",1999,9,NA,364.68,362.98,367.83,366.97,366.47,366.19
"478",1999,10,NA,365.1,365,367.29,366.97,366.62,366.58
"479",1999,11,NA,366.68,367.42,368.23,367.28,366.97,366.1
"480",1999,12,NA,368.36,369.23,368.84,367.65,367.74,365.89
"481",2000,1,NA,369.66,370.01,369.65,368.44,367.47,365.67
"482",2000,2,NA,370.01,371.17,369.98,368.6,368.81,365.79
"483",2000,3,NA,370.67,372.6,370.48,368.03,366.79,366.2
"484",2000,4,NA,372.07,373.22,372.29,367.88,366.86,366.15
"485",2000,5,NA,371.62,373.46,370.63,367.2,366.33,366.16
"486",2000,6,NA,371.6,373.27,370.45,367.17,365.85,366.82
"487",2000,7,NA,370.1,368.77,371.38,368.46,366.86,367.67
"488",2000,8,NA,368.18,366.67,369.6,368.36,367.77,366.29
"489",2000,9,NA,366.99,366.49,368.92,368.14,367.36,367.32
"490",2000,10,NA,367.19,366.95,369.34,368.68,367.96,367.03
"491",2000,11,NA,368.51,369.11,369.32,368.93,368.5,367.41
"492",2000,12,NA,369.9,370.44,371.45,368.99,368.3,367.12
"493",2001,1,NA,370.99,371.95,371.11,369.62,368.59,366.98
"494",2001,2,NA,371.55,372.91,371.43,370.11,368.58,367.08
"495",2001,3,NA,372.65,375.09,372.17,370.12,368.59,367.12
"496",2001,4,NA,373.41,374.27,372.84,369.85,367.52,367.28
"497",2001,5,NA,374.39,375.41,372.43,369.01,367.79,368.21
"498",2001,6,NA,373.72,373.67,372.06,369.64,368.41,368.38
"499",2001,7,NA,371.55,371.16,371.94,370.38,369.6,368.79
"500",2001,8,NA,369.64,367.99,371.08,370.11,368.96,369.12
"501",2001,9,NA,368.09,367.35,370.88,369.84,369.15,368.64
"502",2001,10,NA,368.31,368.5,370.91,370.13,369.1,369.06
"503",2001,11,NA,369.96,370.74,371.18,370.51,369.65,368.93
"504",2001,12,NA,371.41,372.06,372.07,370.8,370.39,369.1
"505",2002,1,NA,372.07,372.75,372.94,371.06,370.79,369.03
"506",2002,2,NA,372.68,374.76,373.34,371.84,370.89,369.2
"507",2002,3,NA,373.94,375.46,374.16,371.98,370.78,369.56
"508",2002,4,NA,374.65,376.45,374.9,371.11,370.66,369.82
"509",2002,5,NA,375.53,376.85,374.72,370.83,370.73,369.99
"510",2002,6,NA,375.87,374.71,374.15,371.71,371.21,370.77
"511",2002,7,NA,373.97,372.9,374.19,372.06,371.35,371.22
"512",2002,8,NA,371.37,370.29,373.6,372.03,371.26,371.62
"513",2002,9,NA,369.76,367.95,373.2,372.12,372.63,371.66
"514",2002,10,NA,370.47,370.81,373.34,372.67,372.03,371.66
"515",2002,11,NA,372.4,372.39,373.65,373.25,372.48,371.76
"516",2002,12,NA,373.94,375.17,374.29,373.48,373.08,371.72
"517",2003,1,NA,374.73,375.74,375.25,373.49,373.43,371.62
"518",2003,2,NA,375.64,377.79,375.45,373.08,373.29,371.79
"519",2003,3,NA,376.88,377.81,376.17,374.77,373.31,372.12
"520",2003,4,NA,378.08,378.44,377.13,374.24,373.15,372.34
"521",2003,5,NA,378.9,379.25,376.76,374.1,373.8,372.81
"522",2003,6,NA,378.65,379.25,376.42,373.35,373.46,373.36
"523",2003,7,NA,376.15,375.91,376.33,374.4,373.55,373.57
"524",2003,8,NA,374.8,371.51,376.21,374.74,373.73,373.47
"525",2003,9,NA,372.67,370.39,375.12,374.24,373.81,373.85
"526",2003,10,NA,372.94,373.33,374.75,374.23,373.4,373.47
"527",2003,11,NA,375.09,375.82,375.61,374.71,374.41,373.6
"528",2003,12,NA,375.66,376.49,376.82,375.26,374.84,373.72
"529",2004,1,NA,376.49,377.93,377.12,375.54,375.14,373.59
"530",2004,2,NA,377.47,378.84,376.76,376.54,375.38,373.69
"531",2004,3,NA,379.12,379.26,378.62,375.94,374.94,373.93
"532",2004,4,NA,380.57,381.33,379.57,375.89,374.73,374.45
"533",2004,5,NA,380.51,381.06,379.85,375.1,374.72,374.42
"534",2004,6,NA,379.72,380.66,377.48,376.03,374.81,375.06
"535",2004,7,NA,377.58,377.55,377.99,375.65,375.43,375.15
"536",2004,8,NA,375.77,374.11,377.2,376.39,375.23,375.07
"537",2004,9,NA,374.1,374.75,377.25,376.03,375.58,375.39
"538",2004,10,NA,374.41,375.63,377.86,376.15,375.81,375.07
"539",2004,11,NA,376.17,376.99,376.73,376.27,376.23,375.07
"540",2004,12,NA,377.52,378.55,378.05,377.12,376.71,374.83
"541",2005,1,NA,378.57,378.54,379.66,377.4,377.06,375.06
"542",2005,2,NA,380.04,381.68,379.17,376.84,377.12,375.55
"543",2005,3,NA,380.69,382.26,379.96,378.37,377.5,375.44
"544",2005,4,NA,382.09,383.33,381.02,378.25,376.08,374.5
"545",2005,5,NA,382.36,383.53,380.58,376.61,376.53,376.01
"546",2005,6,NA,382.05,382.25,380.9,378.01,377.15,376.9
"547",2005,7,NA,381.07,379.27,380.16,377.88,377.66,377.14
"548",2005,8,NA,378.51,376.66,379.83,378.35,378.02,378.52
"549",2005,9,NA,376.42,376.04,378.82,378.16,377.69,377.51
"550",2005,10,NA,377.09,376.57,379.29,378.35,378.21,377.65
"551",2005,11,NA,378.26,379.81,379.52,379.12,378.67,377.37
"552",2005,12,NA,380,379.99,380.21,379.12,379.16,377.52
"553",2006,1,NA,381.05,382.22,381.38,380.21,379.52,377.27
"554",2006,2,NA,382.07,383.56,382.66,380.63,379.57,377.54
"555",2006,3,NA,382.45,384.2,382.7,379.63,379.99,377.85
"556",2006,4,NA,384.85,385.8,384.05,379.61,379.2,378.11
"557",2006,5,NA,385.45,386.46,382.62,379.8,379.88,378.41
"558",2006,6,NA,384,385.26,382.09,379.57,379.38,378.93
"559",2006,7,NA,382.44,382.43,381.51,379.67,378.86,379.19
"560",2006,8,NA,380.11,377.89,381.43,379.81,379.81,379.39
"561",2006,9,NA,378.53,378.13,381.58,379.69,379.92,379.47
"562",2006,10,NA,379.14,378.79,381.37,379.96,380.11,379
"563",2006,11,NA,380.18,380.33,380.85,380.65,380.48,379.21
"564",2006,12,NA,381.47,382.92,382.41,381.28,380.9,379.11
"565",2007,1,NA,383.04,383.33,382.63,380.83,381.2,379.24
"566",2007,2,NA,384.28,385.69,382.81,382.43,381.2,379.37
"567",2007,3,NA,384.45,384.35,384.18,382.39,381,379.68
"568",2007,4,NA,386.56,386.83,385.07,381.97,380.78,380.32
"569",2007,5,NA,386.57,387.37,384.74,381.71,380.59,380.19
"570",2007,6,NA,386.06,386.8,384.08,381.91,380.69,380.74
"571",2007,7,NA,384.71,382.9,383.98,382.61,381.25,380.99
"572",2007,8,NA,381.75,381.75,383.78,382.34,381.46,380.89
"573",2007,9,NA,380.33,380.69,382.97,382.2,381.62,381.21
"574",2007,10,NA,380.88,381.03,382.99,382.43,382.19,381.33
"575",2007,11,NA,382.45,382.92,383.3,382.65,382.25,381.14
"576",2007,12,NA,383.9,384.38,384.12,383.5,382.11,381.29
"577",2008,1,NA,385.55,386.44,385.57,384.01,383.04,381.6
"578",2008,2,NA,385.33,387.36,385.58,383.91,383.25,381.3
"579",2008,3,NA,385.93,387.24,385.29,383.65,382.87,381.8
"580",2008,4,NA,387.44,388.65,386.91,383.37,382.67,381.17
"581",2008,5,NA,388.72,389.39,386.72,384,382.67,382.14
"582",2008,6,NA,388.21,388.98,385.31,383.89,382.88,382.66
"583",2008,7,NA,386.62,385.58,385.6,383.78,383.15,383.04
"584",2008,8,NA,383.86,383.03,385.46,383.94,383.35,383.4
"585",2008,9,NA,382.87,381.37,384.61,383.65,383.48,383.41
"586",2008,10,NA,382.6,382.63,384.33,384.1,383.62,383.11
"587",2008,11,NA,384.08,384.31,385.65,384.46,384,383.04
"588",2008,12,NA,385.45,386.59,386.03,385.04,384.56,383.39
"589",2009,1,NA,386.93,387.89,387.48,385.62,384.83,383.18
"590",2009,2,NA,387.29,389.38,388.56,384.27,385.93,382.89
"591",2009,3,NA,388.33,389.32,388.17,385.21,384.63,384.05
"592",2009,4,NA,389.48,389.99,389.35,385.05,383.54,383.73
"593",2009,5,NA,390.22,390.98,387.45,384.95,384.39,384.05
"594",2009,6,NA,389.66,391.01,387.71,384.25,384.66,384.19
"595",2009,7,NA,387.77,387.41,387.88,385.3,384.67,384.57
"596",2009,8,NA,385.82,384.69,387.31,385.17,384.54,384.66
"597",2009,9,NA,384.37,383.72,386.82,384.61,385.03,384.42
"598",2009,10,NA,384.43,384.61,386.55,385.25,385.4,383.67
"599",2009,11,NA,386,386.97,386.44,384.99,385.95,384.37
"600",2009,12,NA,387.42,388.87,387.31,385.45,386.47,384.14
"601",2010,1,NA,388.12,390.07,388.11,386.86,385.54,384.52
"602",2010,2,NA,390.02,391.69,390.14,386.43,387.42,384.98
"603",2010,3,NA,390.71,391.94,389.66,388.02,386.72,384.72
"604",2010,4,NA,392.74,392.82,390.17,386.6,386.65,384.99
"605",2010,5,NA,393.14,393.46,389.16,387,387.77,385.67
"606",2010,6,NA,392.39,392.25,389.62,388.19,386.94,385.65
"607",2010,7,NA,390.19,389.33,389.14,387.57,387.13,386.46
"608",2010,8,NA,387.91,386.05,388.41,388,387.38,387.19
"609",2010,9,NA,386.35,386.45,387.95,387.73,386.97,387.11
"610",2010,10,NA,387.2,387.32,388.15,388.09,388.01,387.15
"611",2010,11,NA,388.68,390.25,388.5,388.2,388.28,386.85
"612",2010,12,NA,389.77,389.43,389.88,388.78,389.04,387.68
"613",2011,1,395.66,391.74,392.8,390.28,389.66,389.63,387.13
"614",2011,2,396.87,391.69,393.71,391.43,389.02,389.33,386.74
"615",2011,3,397.54,392.22,394.02,390.79,389.36,389.24,386.41
"616",2011,4,397.7,393.74,396.27,391.87,388.13,387.95,388.58
"617",2011,5,397.9,394.75,395.67,391.68,389.56,389.28,387.91
"618",2011,6,395.29,393.54,394.41,391.15,389,389.46,388.16
"619",2011,7,387.95,392.59,390.82,392.1,389.2,390,388.36
"620",2011,8,381.62,390.2,388.18,391.02,390.1,389.8,388.88
"621",2011,9,381.93,388.59,387.16,390.83,389.58,390.03,389.45
"622",2011,10,388.07,389.26,389.98,390.46,390.37,390.38,387.99
"623",2011,11,393.78,390.52,392.41,390.97,390.51,392.48,388.4
"624",2011,12,396.67,391.98,393.72,391.59,390.67,391.21,388.66
"625",2012,1,399.1,393.19,393.72,392.89,391.6,391.35,388.43
"626",2012,2,398.83,393.47,395.39,393.53,392.08,391.24,388.1
"627",2012,3,399.4,394.42,397.81,394.19,391.98,390.66,388.5
"628",2012,4,400.07,396.48,397.72,393.61,391.66,390.85,388.5
"629",2012,5,400.42,397.17,398.15,393.2,391.51,390.81,389.3
"630",2012,6,397.28,396.11,396.28,393.73,391.66,390.88,390.57
"631",2012,7,389.59,394.38,392.81,393.79,390.74,390.36,390.71
"632",2012,8,382.7,392.02,392.54,392.78,392.07,391.05,390.81
"633",2012,9,386,391.16,390.4,393.25,391.83,390.93,391.55
"634",2012,10,390.42,391.08,391.67,394.65,392.17,391.69,391.12
"635",2012,11,396.01,393.37,394.61,394.03,392.97,392.09,391.12
"636",2012,12,399.34,394.67,394.99,394.97,393.29,392.3,391.57
"637",2013,1,400.88,395.82,396.95,396.17,394.94,392.78,391.68
"638",2013,2,401.38,396.93,397.9,396.62,394.03,392.81,391.04
"639",2013,3,401.56,398.07,398.55,397.12,394.15,391.96,391.98
"640",2013,4,401.93,398.82,399.85,397.69,395.22,393.04,392.5
"641",2013,5,403.37,400.32,401.9,397.37,395.12,392.86,392.81
"642",2013,6,400.68,398.92,400.36,397.43,394.23,394,393.12
"643",2013,7,394.75,397.78,396.34,397.32,394.89,393.26,393.68
"644",2013,8,387.69,394.99,393.94,396.15,395.06,393.41,394.04
"645",2013,9,387.85,393.69,392.62,397.66,395.25,393.72,394.09
"646",2013,10,394.16,394.21,394.69,396.05,395.17,394.11,393.74
"647",2013,11,399.72,395.83,397.13,396.05,395.47,394.61,393.59
"648",2013,12,401.47,397.45,398.26,397.13,396.22,395.75,393.86
"649",2014,1,403.86,398.21,399.33,397.72,397.13,394.23,393.38
"650",2014,2,404.43,398.41,400.62,398.35,397.64,395.28,393.24
"651",2014,3,406.74,400.31,400.4,397.85,396.46,395.18,394.01
"652",2014,4,404.89,402.01,402.48,399.73,395.88,395.49,394.66
"653",2014,5,405.59,402.68,403.07,398.92,395.61,395.35,394.55
"654",2014,6,403.38,401.93,401.99,397.52,396.17,395.29,394.83
"655",2014,7,396.14,399.25,397.78,397.98,397.85,395.42,395.32
"656",2014,8,389.69,396.95,395.25,397.51,396.39,395.52,394.52
"657",2014,9,390.28,395.67,395.87,397.29,396.48,395.76,395.85
"658",2014,10,395.56,395.8,396.1,397.14,396.62,396.11,395.33
"659",2014,11,399.27,397.63,399.05,397.42,397.25,396.17,395.17
"660",2014,12,403.93,399.56,400.32,398.36,397.37,396.57,395.86
"661",2015,1,403.95,400.36,401.58,399.45,399.21,397.28,395.4
"662",2015,2,408.04,400.82,402.71,400.01,398.29,397.34,395.08
"663",2015,3,407.99,401.7,403.57,400.04,399.02,397.29,395.58
"664",2015,4,406.89,404.03,403.76,399.54,398.92,397.33,396.41
"665",2015,5,407.43,404.32,405.28,400.58,397.6,397.48,396.73
"666",2015,6,404.65,403.24,403.3,400.48,397.29,397.73,396.07
"667",2015,7,397.65,401.49,400.48,400.49,398.17,397.8,398.04
"668",2015,8,391.13,398.96,397.87,400.05,398.72,398.33,398.06
"669",2015,9,392.4,397.81,397.69,399.82,398.86,398.62,398.52
"670",2015,10,397.23,398.63,399,399.93,398.96,399.1,397.97
"671",2015,11,403.91,400.25,400.88,400.27,399.75,399.31,398.21
"672",2015,12,406.27,401.8,402.7,403.71,400.72,400.67,398.98
"673",2016,1,406.71,402.73,405.06,403.37,399.85,400.46,399.16
"674",2016,2,408.97,404.09,404.87,403.2,401.4,400.45,398.29
"675",2016,3,409.08,404.74,406.94,403.92,402.94,400.36,399.16
"676",2016,4,409.59,407.3,407.98,404.47,401.1,400.27,400.05
"677",2016,5,409.3,407.98,408.44,403.69,399.8,400.46,400.2
"678",2016,6,406.65,406.15,406.42,404.02,401.83,400.94,400.59
"679",2016,7,399.41,404.51,402.99,404.43,401.93,400.94,401.12
"680",2016,8,393.56,402.12,401.21,403.54,402.87,401.62,401.37
"681",2016,9,394.45,400.33,399.72,403.17,402.27,401.69,401.78
"682",2016,10,400.71,401.65,401.7,403.08,402.54,402.03,401.63
"683",2016,11,405.82,403.38,404.24,403.73,402.73,402.06,401.16
"684",2016,12,409.46,404.5,406.06,405.66,402.81,402.94,401.46
"685",2017,1,412.45,405.92,408.01,406.3,404.9,403.27,401.34
"686",2017,2,412.4,406.66,407.93,405.82,403.7,403.33,400.67
"687",2017,3,413.66,407.2,409.12,406.57,403.9,403.17,401.04
"688",2017,4,413.55,409.59,409.27,406.76,402.78,402.96,402.02
"689",2017,5,413.78,410.11,410.64,405.73,404.92,402.92,402.15
"690",2017,6,410.66,409.29,409.55,406.08,403.72,403.11,402.01
"691",2017,7,403.58,406.89,406.76,406.46,404.46,403.43,403.6
"692",2017,8,396.88,405.13,402.27,405.52,403.3,403.78,403.25
"693",2017,9,397.73,403.16,402.6,405.06,404.07,404.09,403.46
"694",2017,10,402.61,403.81,404.5,404.91,404.52,404.43,403.27
"695",2017,11,407.82,405.28,406.34,405.56,404.99,404.88,402.76
"696",2017,12,410.28,406.65,408.71,407.6,405.71,405.34,403.25
"697",2018,1,413.47,408.06,409.19,408.27,406.55,405.66,403.17
"698",2018,2,413.35,408.65,409.56,407.76,407.37,405.66,402.48
"699",2018,3,413.98,409.42,411.1,408.58,407.7,406.15,402.95
"700",2018,4,415.79,410.51,411.96,408.81,407.22,405.32,403.86
"701",2018,5,415.23,411.71,412.87,407.75,406.01,404.48,404.4
"702",2018,6,413.53,410.26,411.27,408.18,406.5,404.96,404.93
"703",2018,7,406.34,408.89,407.64,408.33,406.37,405.57,405.28
"704",2018,8,398.61,407.19,406.2,407.84,406.76,405.61,405.63
"705",2018,9,400.17,405.55,404.78,406.94,406.57,406.27,406.1
"706",2018,10,404.16,406.15,406.13,406.98,406.48,406.65,405.73
"707",2018,11,409.87,407.97,408.46,408.19,407,407.17,405.35
"708",2018,12,413.53,409.33,410.11,410.35,407.7,408.04,405.54
"709",2019,1,414.62,410.98,411.52,411.17,409.23,408.09,405.74
"710",2019,2,415.87,411.96,412.24,410.73,409.12,407.36,404.9
"711",2019,3,417.52,412.62,413.46,411.4,408.43,407.91,405.15
"712",2019,4,418.38,413.55,414.12,412.53,408.78,408.02,407.19
"713",2019,5,417.5,414.83,415.02,410.93,408.57,407.45,407.05
"714",2019,6,414.28,414.19,415.09,410.69,409.6,407.81,407.4
"715",2019,7,407.78,411.88,410.79,411.89,408.64,408.65,408.64
"716",2019,8,400.85,409.99,408.7,411.97,409.42,408.55,408.44
"717",2019,9,402.25,408.3,406.74,410.37,408.38,408.9,408.75
"718",2019,10,407.49,408.4,408.91,410.41,409.5,409.85,408.65
"719",2019,11,412.73,410.39,410.58,410.9,410.02,409.79,407.65
"720",2019,12,416.3,411.87,413.02,413.14,411.12,409.78,408.48
"721",2020,1,418.35,413.47,414.11,413.03,411.86,410.65,408.4
"722",2020,2,420.54,413.77,414.84,413.19,412.04,411.86,407.52
"723",2020,3,419.44,414.43,416.14,414.06,411.72,409,408.46
"724",2020,4,420.43,416.07,416.91,414.16,412.24,409.88,409.29
"725",2020,5,420.16,417.08,417.59,412.89,411.39,409.73,409.45
"726",2020,6,416.75,416.53,416.3,413.28,410.92,409.9,409.76
"727",2020,7,410.18,414.7,412.24,413.65,410.29,410.25,410.23
"728",2020,8,403.4,412.25,410.87,412.48,411.4,410.62,410.78
"729",2020,9,406.85,411.34,410.47,411.88,411.85,410.94,411.03
"730",2020,10,410.7,411.23,411.36,411.66,412.09,411.32,410.86
"731",2020,11,416.44,412.69,414.4,412.37,412.46,411.84,410.88
"732",2020,12,418.15,414.07,415.91,414.71,414.15,412.39,410.87
"733",2021,1,418.75,415.52,416.75,NA,413.66,NA,410.75
"734",2021,2,423.86,416.67,418.22,NA,413.19,NA,409.93
"735",2021,3,422.03,417.13,418.38,NA,413.58,NA,410.43
"736",2021,4,422.08,419.24,419.95,NA,413.8,NA,411.6
"737",2021,5,423.19,419.47,419.83,NA,414.1,NA,411.94
"738",2021,6,420.02,418.65,419.4,NA,412.36,NA,412.24
"739",2021,7,411.45,416.63,416.11,NA,413.31,NA,412.95
"740",2021,8,405.66,413.96,411.89,NA,413.6,NA,413.31
"741",2021,9,406.65,412.94,412.24,NA,413.37,NA,413.6
"742",2021,10,411.99,413.24,413.36,NA,413.72,NA,413.32
"743",2021,11,417.19,414.85,415.72,NA,414.26,NA,412.81
"744",2021,12,420.34,416.28,417.23,NA,415.03,NA,413.22
